title,link
বায়োফ্লক ট্যাংক তৈরি খরচ কত ? | বায়োফ্লক পদ্ধতিতে মাছ চাষ | Biofloc fish farming in bangladesh,https://www.youtube.com/watch?v=-P4eDNgLO4U
biofloc online training - 1 | biofloc fish farming | biofloc fish farming in bangladesh | bd biofloc,https://www.youtube.com/watch?v=YZbkqE8uQYw
"বায়োফ্লক মাছ চাষ, এক তরুণের সাফল্যের গল্প || biofloc fish farming in bangladesh",https://www.youtube.com/watch?v=nbDGvVn-RWM
এক মৌসুমে বায়োফ্লক পদ্ধতিতে তাক লাগানো মাছ উৎপাদন | Biofloc Fishing | Shykh Seraj | Channel i |,https://www.youtube.com/watch?v=--W-9vZVoiM
বায়োফ্লক পদ্ধতিতে ৩০ লাখ লিটার পানিতে কোটি টাকার মাছ | Biofloc | Shykh Seraj | Channel i |,https://www.youtube.com/watch?v=eI4o9nUHQz4
বায়োফ্লকে এক মৌসুমে এত বড় এত মাছ উৎপাদন ! Biofloc Fish Harvest in Bangladesh | Fish Farming,https://www.youtube.com/watch?v=IiRpxsWX7uA
বায়োফ্লোক পদ্ধতিতে মাছ চাষ আসলেই কি লাখ টাকা আয় হয় | Biofloc fish farming training in bangladesh,https://www.youtube.com/watch?v=RgONksW0V08
Biofloc System Project  Setup. - Agro Tech Bangladesh - 01707570459,https://www.youtube.com/watch?v=asnPGj_cyZ0
বিনা টাকায় অক্সিজেন ll biofloc technology in Bangladesh ll ECC news bd.,https://www.youtube.com/watch?v=WEny5SmWrIE
বায়োফ্লক শুরু করতে কি কি প্রয়োজন || Biofloc Fish Farming Item Price in BD|| Air Pump,https://www.youtube.com/watch?v=de7s-A7igyE
বায়োফ্লক প্রযুক্তিতে অল্পদিনেই মাছ চাষে অসামান্য সাফল্যের নজির | Biofloc | Shykh Seraj | Channel i |,https://www.youtube.com/watch?v=uc4DM3Rbf_U
"Biofloc High Production Shrimp Project in Bangladesh, Biofloc Aquaculture Shrimp Industry in BD",https://www.youtube.com/watch?v=EyJ8Z4aLc0I
বায়োফ্লকে মাছ চষে এতো লাভ । ২ লক্ষ লিটারের পান্ডে ভিয়েতনামের কই মাছ। মাছের হারভেস্ট পঞ্চগড়ের সজলের,https://www.youtube.com/watch?v=-qY56mrFN_4
মাছের ওজন বাড়াতে  ওষুধ ও গ্রোথ প্রোমোটার || Aqua Medicine and Growth Promoter for Fish and Prawn,https://www.youtube.com/watch?v=qT2hul8tC_M
পুকুরে অধিক ঘনত্বে মাছ চাষ | Shykh Seraj | Channel i |,https://www.youtube.com/watch?v=TDHny3Btw8Y
সবথেকে কম দামে 1000w আইপিএস || Full Automatic 1000W Power IPS Cheap Price in BD dc 12v to ac 220v,https://www.youtube.com/watch?v=4cotSTZ_mK8
"Biofloc fish farming , Episode 05,  project update, Bangotube সাবধান ভুলেও বায়োফ্লকে বিনিয়োগ নায়",https://www.youtube.com/watch?v=1Nwjsg-F-ks
বায়োফ্লকের এয়ারেশন সিস্টেম অত্যাধুনিক সংযোজন। Disk Diffuser Aeration System For Biofloc Fish Farming,https://www.youtube.com/watch?v=Dm0fULT5YB0
বায়োফ্লক কি | বায়োফ্লক কিভাবে তৈরি করা হয় | what is biofloc technology,https://www.youtube.com/watch?v=OakHwPKY6p4
600 Watt Solar System For Biofloc Fish Farm | Biofloc Bangladesh | বায়োফ্লক মাছের খামারে সোলার panel,https://www.youtube.com/watch?v=yB3rVBBi_iI
Bangladesh Economy & Fish Farming with Biofloc Technology,https://www.youtube.com/watch?v=3Ftuugkng_g
বায়োফ্লক প্রযুক্তিতে মাছ উৎপাদনের বিরল নজির | Biofloc | Shykh Seraj | Channel i |,https://www.youtube.com/watch?v=axOsMkjeTBs
"Solar Power Biofloc Fish Farm in Bangladesh, Air Pump Price in BD, WOW Rainwater Harvest Fish Farm",https://www.youtube.com/watch?v=KQuh_VZ90nU
