Page Name,Creation Date,Like Count,Follow Count
বায়োফ্লক প্রযুক্তিতে মৎস্য চাষ প্রশিক্ষণ,"June 29, 2020",507,525
বায়োফ্লক মৎস্য চাষ - Bioflock Fish Culture,"November 25, 2019",505,519
বায়োফ্লক মৎস্য চাষ,"September 10, 2020",521,532
Biofloc Fish Farming BD,"October 9, 2019","6,601","8,900"
Biofloc Bangladesh,"November 11, 2019","29,041","30,819"
Biofloc Product BD,"January 25, 2020","16,499","16,821"
Dhaka Biofloc,"October 11, 2020",528,557
Ashulia Biofloc- A Scientific Aqua Culture System in Bangladesh,"August 20, 2020",72,73
Evergreen Biofloc Consultancy,"April 9, 2019","7,569","7,929"
Biofloc Fish Farming System,"October 7, 2020",155,155
Biofloc accessories,"September 2, 2020",402,412
বায়োফ্লক পদ্ধতি-তে মাছ চাষ প্রশিক্ষণ,"June 26, 2020",360,381
Biofloc FishFactory Ltd.,"November 21, 2020",193,194
Biofloc Bazar BD,"September 12, 2020",515,529
Biofloc Accessories Bangladesh,"October 29, 2019","2,188","2,371"
বায়োফ্লক মাছ চাষ তথ্য ও পরামর্শ,"November 8, 2019","60,493","64,205"
Biofloc Bangladesh,"October 26, 2019",802,850
TP-Incubator & biofloc Zone,"June 17, 2016","16,402","16,656"
Biofloc Fish Farm & Accessories Dhaka,"March 4, 2021",226,235
"Biofloc Fish Farming, Dhaka","November 25, 2019",891,921
Aqueous Biofloc Consultancy Bangladesh,"October 31, 2019","2,110","2,306"
The Biofloc Technology,"August 20, 2020",566,584
Biofloc Fish Farming Sadarpur,"January 22, 2021",52,52
Biofloc Aquaculture Products Bangladesh,"April 4, 2020",64,68
Biofloc Association of Bangladesh,"March 17, 2020",588,655
Maa Biofloc Fish Farm,"October 22, 2020",322,325
Dhaka biofloc blue fish aquarium,"June 29, 2020",578,604
Biofloc Bangladesh,"September 8, 2019","1,924","1,978"
Fish Aquarium Biofloc all product Katabon সুলভ মূল্যয়ে পন্য বিক্রেতা।,"July 31, 2020",439,447
Bangladesh biofloc fish association,"November 30, 2020",242,247
Critical Biofloc Fishfarm Technology,"September 4, 2019","2,130","2,227"
Biofloc Express Bangladesh,"January 5, 2020","1,988","2,061"
LY Biofloc Bd Gazipur,"September 28, 2019",210,327
আমিশাপাড়া বায়োফ্লক ফার্মিং হাউজ নোয়াখালী,"July 24, 2020",105,110
বায়োফ্লক সাহায্য কেন্দ্র মাদারীপুর,"February 9, 2020",730,776
Biofloc fishing & cool fish hunting,"September 6, 2019",909,974
Palong Biofloc fish farm,"August 13, 2019",502,518
Nishad Biofloc Fish farm,"October 15, 2020",229,235
M&P Biofloc Fish Farm মতলব,"December 30, 2020",187,187
Friend's Agro farm And Biofloc,"November 18, 2020",530,545
Biofloc fish farming process,"December 19, 2019","2,542","2,640"
Arian Biofloc Fish Farm,"September 22, 2019","1,482","1,563"
D M P Biofloc Fish Farming  ডি এম পি বায়োফ্লোক ফিস ফার্মিং,"November 11, 2019",178,202
Friends Biofloc Fish Farm,"September 3, 2020",160,161
Biofloc Technology Smart Fish Farm,"January 10, 2017","3,655","3,729"
AZ Biofloc Fish Farm,"September 22, 2020",336,337
Osmania biofloc fish farm,"September 13, 2020",286,295
Dinajpur Biofloc Fish Farming,"October 6, 2020",117,122
BioFloc Fish Nation,"April 7, 2020",509,538
Khan Biofloc Fish Farm,"July 5, 2020",496,504
AR Biofloc Fish Farm,"August 24, 2019",470,497
Chowdhury Biofloc Fish Farm,"August 29, 2020",104,106
Biofloc fish tank,"February 7, 2021",76,76
Biofloc Fish Farm,"February 5, 2020",520,550
Biofloc fish farm India,"October 14, 2019","2,902","3,027"
Biofloc fish farming BTS.,"November 29, 2020",56,58
Biofloc Aquaculture Fish Farming,"March 3, 2021",108,109
Dagar Biofloc Fish Farm,"March 18, 2021","1,017","1,018"
"AR,Biofloc fish farm","March 1, 2020","3,452","3,736"
Biofloc Fish Farm Maharashtra,"October 23, 2019","2,027","2,103"
Biofloc Fish Farm বা ড্রাম এ মাছ চাষ,"January 1, 2020",616,638
Biofloc Culture Dhaka,"March 15, 2020","2,014","2,096"
Bd Biofloc Help Center,"November 11, 2016",262,291
Biofloc GuideLine BD,"August 30, 2020","11,167","11,268"
Chittagong biofloc,"May 5, 2020",511,543
Biofloc training বর্ধমান,"September 1, 2019",646,651
Smart Biofloc Fish Farm,"February 18, 2020","1,491","1,565"
Biofloc Shop BD,"September 4, 2020",997,"1,044"
RBL Biofloc R&D,"October 23, 2019","1,316","1,366"
Biofloc - বাংলাদেশ,"September 26, 2019","3,120","3,216"
Biofloc Bazar Bangladesh,"October 9, 2019",404,409
Biofloc Aqua,"January 11, 2020",51,51
Biofloc And RAS Aquaculture  Bangladesh,"October 14, 2019","3,246","3,297"
Biofloc Product Bd,"January 20, 2020","1,669","1,721"
Biofloc Community Bangladesh,"January 26, 2020","1,796","1,857"
বায়োফ্লক সলিউশন,"September 8, 2020",96,100
বায়োফ্লক পদ্ধতিতে মাছ চাষের প্যারামিটার সার্ভিস লিমিটেড,"October 21, 2020",30,31
বেনাপোল বায়োফ্লক ফিস ফার্ম,"February 2, 2020","2,394","2,398"
বায়োফ্লক পদ্ধতিতে মাছ চাষের খুটি নাটি।,"September 3, 2019",27,27
রায়হান বায়োফ্লক মংস্য হ্যচারী,"June 30, 2020",27,27
বায়োফ্লক প্রযুক্তিতে মৎস্য চাষ প্রশিক্ষণ,"June 29, 2020",507,525
বায়োফ্লক মৎস্য চাষ - Bioflock Fish Culture,"November 25, 2019",505,519
বায়োফ্লক মৎস্য চাষ,"September 10, 2020",521,532
Biofloc Fish Farming BD,"October 9, 2019","6,602","8,901"
Biofloc Bangladesh,"November 11, 2019","29,041","30,819"
Biofloc Product BD,"January 25, 2020","16,500","16,822"
Dhaka Biofloc,"October 11, 2020",528,557
Ashulia Biofloc- A Scientific Aqua Culture System in Bangladesh,"August 20, 2020",72,73
Evergreen Biofloc Consultancy,"April 9, 2019","7,569","7,929"
Biofloc Fish Farming System,"October 7, 2020",155,155
Biofloc accessories,"September 2, 2020",402,412
Biofloc Fish Farm Munshiganj,"June 24, 2020",97,101
বায়োফ্লক পদ্ধতি-তে মাছ চাষ প্রশিক্ষণ,"June 26, 2020",360,381
Biofloc FishFactory Ltd.,"November 21, 2020",193,194
Biofloc Bazar BD,"September 12, 2020",515,529
Biofloc Accessories Bangladesh,"October 29, 2019","2,188","2,371"
বায়োফ্লক মাছ চাষ তথ্য ও পরামর্শ,"November 8, 2019","60,495","64,207"
Biofloc Bangladesh,"October 26, 2019",802,850
TP-Incubator & biofloc Zone,"June 17, 2016","16,402","16,656"
Biofloc Fish Farm & Accessories Dhaka,"March 4, 2021",226,235
"Biofloc Fish Farming, Dhaka","November 25, 2019",891,921
Aqueous Biofloc Consultancy Bangladesh,"October 31, 2019","2,110","2,306"
The Biofloc Technology,"August 20, 2020",566,584
Biofloc Fish Farming Sadarpur,"January 22, 2021",52,52
Biofloc Aquaculture Products Bangladesh,"April 4, 2020",64,68
Biofloc / বায়োফ্লক প্রযুক্তি Online Shop,"August 21, 2020",578,663
Biofloc Association of Bangladesh,"March 17, 2020",588,655
Maa Biofloc Fish Farm,"October 22, 2020",322,325
Dhaka biofloc blue fish aquarium,"June 29, 2020",578,604
Biofloc Bangladesh,"September 8, 2019","1,924","1,978"
Fish Aquarium Biofloc all product Katabon সুলভ মূল্যয়ে পন্য বিক্রেতা।,"July 31, 2020",439,447
Bangladesh biofloc fish association,"November 30, 2020",242,247
Critical Biofloc Fishfarm Technology,"September 4, 2019","2,130","2,227"
Biofloc Express Bangladesh,"January 5, 2020","1,988","2,061"
LY Biofloc Bd Gazipur,"September 28, 2019",210,327
Biofloc fish bangladesh,"October 19, 2020",379,399
বায়োফ্লক প্রশিক্ষণ বাংলাদেশ,"October 10, 2020",538,575
Bondhu Biofloc Fish Farming,"July 20, 2020",858,903
Bondhur Sriti Biofloc Fish Farm,"December 11, 2020",180,182
Biofloc,"March 7, 2020",627,636
Authentic Biofloc,"July 15, 2018","9,769","9,851"
Biofloc fish farming in Bangladesh,"January 17, 2019","1,142","1,697"
Biofloc Tank,"November 23, 2020","4,869","4,888"
Bangladesh Biofloc Training Center,"November 1, 2020",511,525
Najifa biofloc fish farmer products,"December 22, 2020",151,155
Biofloc Fish farming BD,"January 27, 2020","15,353","15,587"
Biofloc Technology Bangladesh,"November 19, 2019","2,212","2,314"
Biofloc fish farming-বায়োফ্লক পদ্ধতিতে মাছ চাষ,"September 25, 2019","2,431","2,542"
YMZ Biofloc Sylhet,"December 20, 2020",268,277
Quality BioFloc Products,"September 3, 2020",681,720
Biofloc Project Narsingdi,"February 7, 2021",154,154
Biofloc BD বায়োফ্লক বিডি,"February 17, 2020","2,732","2,876"
F2 Biofloc Systems,"November 8, 2019",927,959
Biofloc and Colour Fish Farm pabna,"May 7, 2021",36,35
K.I. Fish Farm & Biofloc Technology,"August 2, 2020","1,192","1,207"
Biofloc society of Bangladesh,"June 15, 2020",158,161
Biofloc Equipments and Consultancy,"November 23, 2020",527,542
Biofloc fish farm rangpur,"January 20, 2020","2,127","2,221"
Biofloc product sell,"September 16, 2019",15,15
News Biofloc BD,"March 23, 2019",516,528
Better Life Agro & Biofloc fish farm,"September 1, 2019",173,176
বায়োফ্লোক পদ্ধতিতে মাছ চাষ,"December 2, 2018","8,084","8,418"
বায়োফ্লক ফিশারিজ -  Biofloc Fisherie,"February 9, 2020","3,018","3,128"
এ ওয়ান বায়োফ্লক ফিস গার্ডেন,"May 20, 2020","1,695","1,755"
অল্প টাকায়  বায়োফ্লক সিস্টেমে মাছ চাষ,"February 10, 2020","2,350","2,415"
উত্তরবঙ্গ বায়োফ্লক,"November 21, 2020",269,276
বায়োফ্লক পদ্ধতিতে মাছ চাষ প্রশিক্ষণ ঠাকুরগাঁও,"August 21, 2020",206,207
বায়োফ্লক_Bioflocবিজ্ঞান পদ্ধতিতে মাছ চাষ,"May 9, 2020","2,099","2,208"
বায়োফ্লক পদ্ধতিতে মাছ চাষ তথ্য,"October 16, 2019","1,508","1,579"
বায়োফ্লক মাছ চাষ,"March 4, 2020","1,285","1,452"
বায়োফ্লক চিংড়ি চাষ সাপোর্ট বাংলাদেশ,"January 30, 2020","1,751","1,880"
বায়োফ্লক ফিস র্ফাম বরিশাল।,"July 3, 2020",69,73
বায়োফ্লক পদ্ধতিতে মাছ চাষ,"October 30, 2019","1,766","1,877"
"বায়োফ্লক পদ্ধতিতে মাছ চাষ, মাছের রোগ ও প্রতিকার","March 18, 2020",172,173
"বায়োফ্লক ফিস ফার্ম, চাঁপাইনবাবগঞ্জ।","November 9, 2019","1,043","8,719"
বায়োফ্লক মাছ চাষ,"August 24, 2019","2,662","2,771"
বায়োফ্লক পদ্ধতিতে মাছ চাষ,"September 25, 2020",563,578
Biofloc Fish Farming  বায়োফ্লক মাছ চাষ,"September 12, 2019","2,506","2,649"
হাউজে বায়োফ্লক এবং বায়োফ্লক ছাড়া মাছ চাষ,"September 29, 2020",75,76
"বায়োফ্লক মাছ চাষ প্রকল্প, রাজশাহী","June 15, 2020",61,62
বায়োফ্লক পদ্ধতিতে মাছ চাষ,"April 12, 2020",519,533
"স্বপ্ন বায়োফ্লক ফিস ফার্ম, রংপুর","August 31, 2020",271,278
বায়োফ্লক পদ্ধতিতে চিংড়ি মাছ বাংলাদেশ,"October 19, 2020",392,400
বায়োফ্লক হেল্পলাইন বাংলাদেশ,"May 15, 2020",546,584
"বিশ্বাস বায়োফ্লক এ্যান্ড এগ্রো,  বরিশাল।","March 31, 2020",532,563
থ্রি এম বায়োফ্লক,"May 7, 2020",284,297
বায়োফ্লক মাছ চাষ,"March 10, 2020",531,577
কুমিল্লা বায়োফ্লক জোন,"July 12, 2020",630,690
বায়োফ্লক পদ্ধতিতে মাছ চাষ,"November 25, 2020",54,55
বায়োফ্লক মাছ চাষ এবং এ্যাকুরিয়াম,"October 2, 2020",152,152
"বায়োফ্লগ, রিগ্যান এগ্রো ফার্ম","October 5, 2020",15,15
বায়োফ্লক পদ্ধতিতে মাছ চাষ,"July 6, 2020",34,35
খাগড়াছড়িতে বায়োফ্লক প্রযুক্তিতে মাছ চাষ,"October 13, 2020",117,117
বায়োফ্লক মাছ চাষ হেল্প : Biofloc Fish Farming Help Bangladesh,"July 17, 2020",5,6
বায়োফ্লক এন্ড ফিশারীজ,"September 27, 2020",5,5
ডায়নামিক বায়োফ্লক এন্ড হ্যাচারী,"July 9, 2020",101,103
বায়োফ্লক পদ্ধতিতে বিজ্ঞান ও প্রযুক্তি ভিত্তিক মাছ চাষ।,"June 20, 2020",610,671
Bio floc Technology /বায়োফ্লকে মাছ চাষ হাতেকলমে শিক্ষা .,"September 16, 2020",11,11
Fish for Bioflock,"July 21, 2020","2,158","2,161"
Bioflock Bangladesh - বায়োফ্লোক বাংলাদেশ,"August 31, 2020",127,131
Bioflock Fish Farming,"October 10, 2019","1,898","2,111"
SM Square Bioflock Fish Farm,"April 26, 2020","1,197","1,199"
Biofloc Express,"July 13, 2020","4,515","5,021"
Biofloc Farming System,"August 11, 2019","3,461","4,225"
Fish Farming aquaculture bioflock technology,"September 19, 2019","4,052","4,264"
Bioflock  কলগাছিয়া,"July 9, 2020",240,250
Bioflock Aid Kernel,"August 21, 2020",83,91
Biofloc,"November 5, 2018","3,277","3,454"
Biofloc tank& others,"September 30, 2020",386,398
Biofloc Fish Farming,"January 20, 2020","1,952","2,120"
Bioflock Fish Farming BD,"May 30, 2020",656,690
Bioflock solution_বায়োফ্লক,"March 15, 2020",510,570
Thakurgaon Bioflock Society,"July 21, 2020",502,523
Bioflock products,"March 12, 2020",504,529
Silchar Bioflock,"November 21, 2020",407,423
Biofloc Products by ChotoChele,"December 15, 2019",904,961
Biotech Biofloc Project,"February 21, 2020","1,227","1,280"
Bioflock training center,"September 2, 2020",538,570
Bioflock fish farming group,"February 6, 2020",571,586
Ashraful Aqua Bioflock Fish,"November 21, 2020",540,550
3'Brothes Bioflock Fishing Farm,"July 18, 2020",128,131
Bangladesh  Bioflock Association,"October 22, 2020",188,190
High Tech Biofloc & Consultancy,"September 4, 2020","1,626","1,726"
Rohan Bioflock & Fish Farming,"January 26, 2021",53,53
Bioflock All In one Aqua,"March 14, 2017",245,249
RMS bioflock fish  farming munshigunj,"August 27, 2020",26,28
Biofloc fish farming,"July 12, 2020",571,580
Bioflock Engineering Care-Chittagong,"April 27, 2019",525,528
Bangladesh bioflock,"November 7, 2020",17,17
AR Fish Hatchery & Biofloc,"August 18, 2020",312,317
"Bioflock Fish Firm, Tongibari, Munshiganj","July 26, 2020",8,9
Bioflock fish farming shyamnagar,"April 14, 2021",8,8
Bioflock Engineering care,"July 14, 2020",15,15
JS Bioflock Narsingdi,"July 27, 2020",43,44
Biofloc Manipur,"January 28, 2021","1,067","1,083"
Sonali Biofloc Fish Farm,"May 15, 2021",90,90
Bioflock,"August 15, 2020",6,6
Faridupr Bioflock In Bangladesh,"March 17, 2020",17,17
Acharjee Bioflock & Fish Farming,"April 14, 2021",2,2
Biofloc Aquaculture Bangladesh   প্রযুক্তি নির্ভর উচ্চ ঘনত্বে মাছ চাষ,"September 11, 2019","1,519","1,578"
Biofloc Bangladesh,"May 24, 2020",811,863
JMS Biofloc  Fish farming method,"June 26, 2020",521,554
Biofloc Shop - বায়োফ্লক শপ,"October 27, 2019","1,182","1,192"
SR Biofloc Fish Farm,"January 20, 2021",42,42
Biofloc AMBLE AGRO,"January 30, 2021",20,21
Arshi Biofloc Project,"December 16, 2015",203,205
Shikder Biofloc Fishery,"October 11, 2020",7,7
Golaghat Biofloc Aquaculture Farm.,"June 2, 2020",594,601
Biofloc Bangladesh,"September 4, 2020",325,339
Jhenaidah Biofloc,"March 19, 2021",103,103
Biofloc Fish Farming In Hindi,"August 4, 2020",537,566
Fish Farming Aquaculture Biofloc Technology,"November 18, 2020",511,526
"সূহা এগ্রো ফিসল্যান্ড ""Biofloc Technology In Bangladesh""","April 8, 2019",990,"1,019"
Biofloc fish farming Training,"December 24, 2019",518,533
"Online Biofloc Fish Market,Barishal","May 21, 2021",16,16
Biofloc Fish Farming in Bangladesh,"March 17, 2020",405,411
Biofloc Fish farming shop in bangladesh,"October 1, 2019","2,064","2,116"
"Biofloc fish farming,Aquaphonic , hydroponic Bangladesh","February 5, 2019","2,541","2,667"
KS Biofloc Fish Farming,"January 20, 2020","3,130","3,273"
Biofloc Fish Garden,"January 20, 2014","3,224","3,249"
Friend's Fish Farm - Biofloc,"May 14, 2020",188,194
Biofloc Farmer,"January 9, 2019","10,588","10,626"
Fishzone Biofloc Farm,"December 15, 2019","1,892","2,002"
Magura Biofloc,"May 29, 2020",16,17
Triangle Biofloc Fish Culture & agro,"January 5, 2020",77,81
Jk Biofloc Fish Farming In Bangladesh,"September 29, 2020",2,2
M3R Agro & Biofloc Farm,"June 25, 2020","2,058","2,059"
Biofloc Fish Farming,"January 7, 2020","2,662","2,760"
Biofloc Fish Farming Geomembrane Tank Supplier in Bangladesh,"February 5, 2020",117,122
আমিশাপাড়া বায়োফ্লক ফার্মিং হাউজ নোয়াখালী,"July 24, 2020",105,110
বায়োফ্লক সাহায্য কেন্দ্র মাদারীপুর,"February 9, 2020",730,776
Biofloc fishing & cool fish hunting,"September 6, 2019",909,974
Palong Biofloc fish farm,"August 13, 2019",502,518
Nishad Biofloc Fish farm,"October 15, 2020",229,235
M&P Biofloc Fish Farm মতলব,"December 30, 2020",187,187
Friend's Agro farm And Biofloc,"November 18, 2020",530,545
Biofloc fish farming process,"December 19, 2019","2,542","2,640"
Arian Biofloc Fish Farm,"September 22, 2019","1,482","1,563"
D M P Biofloc Fish Farming  ডি এম পি বায়োফ্লোক ফিস ফার্মিং,"November 11, 2019",178,202
Friends Biofloc Fish Farm,"September 3, 2020",160,161
Biofloc Technology Smart Fish Farm,"January 10, 2017","3,655","3,729"
AZ Biofloc Fish Farm,"September 22, 2020",336,337
Osmania biofloc fish farm,"September 13, 2020",286,295
Dinajpur Biofloc Fish Farming,"October 6, 2020",117,122
BioFloc Fish Nation,"April 7, 2020",509,538
Khan Biofloc Fish Farm,"July 5, 2020",496,504
AR Biofloc Fish Farm,"August 24, 2019",470,497
Chowdhury Biofloc Fish Farm,"August 29, 2020",104,106
Biofloc fish tank,"February 7, 2021",76,76
Biofloc Fish Farm,"February 5, 2020",520,550
Biofloc fish farm India,"October 14, 2019","2,901","3,026"
Biofloc fish farming BTS.,"November 29, 2020",56,58
Biofloc Aquaculture Fish Farming,"March 3, 2021",108,109
Dagar Biofloc Fish Farm,"March 18, 2021","1,019","1,020"
"AR,Biofloc fish farm","March 1, 2020","3,452","3,736"
Biofloc Fish Farm Maharashtra,"October 23, 2019","2,027","2,103"
Biofloc Fish Farm বা ড্রাম এ মাছ চাষ,"January 1, 2020",616,638
Biofloc Culture Dhaka,"March 15, 2020","2,014","2,096"
Bd Biofloc Help Center,"November 11, 2016",262,291
Biofloc GuideLine BD,"August 30, 2020","11,166","11,267"
Chittagong biofloc,"May 5, 2020",511,543
Biofloc training বর্ধমান,"September 1, 2019",646,651
Smart Biofloc Fish Farm,"February 18, 2020","1,492","1,566"
Biofloc Shop BD,"September 4, 2020",997,"1,044"
RBL Biofloc R&D,"October 23, 2019","1,316","1,366"
Biofloc - বাংলাদেশ,"September 26, 2019","3,120","3,216"
Biofloc Bazar Bangladesh,"October 9, 2019",404,409
Biofloc Aqua,"January 11, 2020",51,51
Biofloc And RAS Aquaculture  Bangladesh,"October 14, 2019","3,246","3,297"
Biofloc Product Bd,"January 20, 2020","1,669","1,721"
Biofloc Community Bangladesh,"January 26, 2020","1,796","1,857"
বায়োফ্লক সলিউশন,"September 8, 2020",96,100
বায়োফ্লক পদ্ধতিতে মাছ চাষের প্যারামিটার সার্ভিস লিমিটেড,"October 21, 2020",30,31
বেনাপোল বায়োফ্লক ফিস ফার্ম,"February 2, 2020","2,394","2,398"
বায়োফ্লক পদ্ধতিতে মাছ চাষের খুটি নাটি।,"September 3, 2019",27,27
রায়হান বায়োফ্লক মংস্য হ্যচারী,"June 30, 2020",27,27
ভাই ভাই বায়োফ্লক ফিস ফার্ম।,"March 30, 2020",502,533
Biofloc Aquaculture Bangladesh,"September 16, 2019",349,355
Tanvir's Biofloc Product & Support Center,"November 8, 2020",324,337
Biofloc Institute,"November 12, 2019",241,242
Biofloc Student bd,"December 20, 2019","2,074","2,129"
Biofloc Machinery & Technology ltd.,"July 25, 2020",66,68
Sonar Bangla Biofloc,"September 24, 2019",75,75
Biofloc বাংলাদেশ,"May 15, 2020",113,119
Biofloc Fish Farming and Information Center,"May 3, 2020",504,524
Advanced Biofloc method //// আধুনিক বায়োফ্লক চাষ পদ্ধতি,"September 4, 2019","2,248","2,300"
Biofloc Advance technology Bangladesh,"November 30, 2019",508,509
Biofloc & equipment,"March 3, 2020",205,211
RSL High Tech Biofloc Fisheries And Hatchery,"April 29, 2021",68,68
Sylhet Biofloc & Fisheries,"September 25, 2020",505,518
Biofloc Center,"October 23, 2020","1,432","1,449"
Khan Biofloc Fish Agro Project Bangladesh,"September 30, 2020",104,106
Biofloc Bangladesh,"August 22, 2019",560,563
Biofloc Express Store,"October 26, 2020",382,403
IQ Aquaculture - বায়োফ্লক মাছ,"May 20, 2021",359,394
Ray Aquaculture Media for Pearl and Biofloc Fishery,"January 20, 2020",500,515
পাবনা বায়োফ্লক ফিশ ফার্মিং,"September 27, 2020",96,99
রূপালী বায়োফ্লক ফিশ ফার্মিং,"October 31, 2020",66,65
বায়োফ্লক ফিশ ফারমিং,"August 31, 2020",21,21
মায়ের দোয়া বায়োফ্লক ফিশ ফার্ম,"May 21, 2020","2,150","2,223"
টাঙ্গন বায়োফ্লক ফিস ফার্মিং,"April 6, 2020","10,112","10,146"
রংপুর বায়োফ্লক ফার্ম,"August 25, 2020","2,137","2,274"
বিসমিল্লাহ বায়োফ্লক ফিশ ফার্মিং,"October 18, 2020",168,170
কাজী বায়োফ্লক ফিস ফার্মিং যশোর,"April 20, 2020",625,657
প্রমিস এগ্রো  এন্ড বায়োফ্লক ফিশ ফার্ম,"October 20, 2020",298,299
পলাশবাড়ী বায়োফ্লোক ফিশ ফার্ম,"August 8, 2020",331,339
Biofloc Fish Academy / বায়োফ্লক ফিশ একাডেমি,"February 7, 2020",876,931
খান বায়োফ্লক ফিশ ফার্ম,"June 6, 2020",85,85
বায়োফ্লক ফিশ ফার্ম চাঁদপুর,"July 30, 2020",121,122
মীর বায়োফ্লক ফিশ একাডেমি,"August 1, 2020",218,223
বায়োফ্লক ফিশ ফার্মিং - মধুপুর / টাঙ্গাইল,"July 17, 2020",6,6
বায়োফ্লক পদ্ধতিতে মাছের চাষ,"June 8, 2020","1,266","1,347"
"এস,এস,এন,বায়োফ্লক ফিশ ফার্ম রাজশাহি","December 3, 2019",145,146
সরকার বায়োফ্লক ফিশ ফ্রামিং,"September 4, 2020",572,591
রূপালী বায়োফ্লক ফিস ফার্মিং,"November 2, 2020",136,136
"জননী এগ্রো ফার্ম, বায়োফ্লক ফিস ফার্মিং, বিজয়নগর","October 20, 2020",58,59
গফরগাওঁ বায়োফ্লক এ্যাগ্রো ফার্ম,"May 22, 2018",420,432
অর্জন বায়োফ্লক ফিশ ফার্ম,"May 14, 2020",82,82
আর.জে বায়োফ্লক & এগ্রো ফার্ম লিমিটেড,"June 26, 2020",94,94
বায়োফ্লক ফিস ফার্মিং,"August 31, 2020",77,79
সোনাইমুড়ী বায়োফ্লক ফিস ফার্ম এন্ড হ্যাচারী,"May 11, 2020",164,170
ফাহাদ মুনতাসির বায়োফ্লক ফিস ফার্মি,"September 13, 2020",446,453
রাঙ্গামাটি বায়োফ্লক ফিস ফার্ম,"September 14, 2019",115,119
"বায়োফ্লক অনলাইন ফিশ মার্কেট, দাগনভূঞা","November 26, 2020",37,38
বায়োফ্লক ফিস ফার্মিং সিলেট তথ্য,"September 29, 2020",52,52
"ফালাক বায়োফ্লক ফিশিং এন্ড ফার্মিং সিস্টেম, সিলেট","December 15, 2020",15,15
চাঁপাই বায়োফ্লক ফিস ফার্ম,"November 9, 2019",14,14
ফরাজী বায়োফ্লক ফিস ফার্ম,"September 8, 2020",42,41
ভাই ভাই বায়োফ্লক ফিস ফার্ম,"December 10, 2020",41,41
স্বপ্ন বায়োফ্লক ফিস ফার্ম ফার্ম রংপুর,"January 12, 2021",6,6
বায়োফ্লোক ফিস ফার্মিং,"May 28, 2020",7,7
পদ্মা হ্যাচারী এন্ড বায়োফ্লক ফার্ম,"May 8, 2020",18,18
সাদমান বায়োফ্লক ফিস ফার্ম,"November 2, 2020",44,44
আইডিয়াল বায়োফ্লক ফিশ ফার্ম -সখিপুর-শরীয়তপুর,"April 25, 2021",88,89
ভাই ভাই বায়োফ্লক ফিস ফার্ম।,"March 30, 2020",502,533
Biofloc Aquaculture Bangladesh,"September 16, 2019",349,355
Tanvir's Biofloc Product & Support Center,"November 8, 2020",324,337
Biofloc Institute,"November 12, 2019",241,242
Biofloc Student bd,"December 20, 2019","2,074","2,129"
Biofloc Machinery & Technology ltd.,"July 25, 2020",66,68
Sonar Bangla Biofloc,"September 24, 2019",75,75
Biofloc বাংলাদেশ,"May 15, 2020",113,119
Biofloc Fish Farming and Information Center,"May 3, 2020",504,524
Advanced Biofloc method //// আধুনিক বায়োফ্লক চাষ পদ্ধতি,"September 4, 2019","2,248","2,300"
Biofloc Advance technology Bangladesh,"November 30, 2019",508,509
Biofloc & equipment,"March 3, 2020",205,211
RSL High Tech Biofloc Fisheries And Hatchery,"April 29, 2021",68,68
Sylhet Biofloc & Fisheries,"September 25, 2020",505,518
Biofloc Center,"October 23, 2020","1,432","1,449"
Khan Biofloc Fish Agro Project Bangladesh,"September 30, 2020",104,106
Biofloc Bangladesh,"August 22, 2019",560,563
Biofloc Express Store,"October 26, 2020",382,403
IQ Aquaculture - বায়োফ্লক মাছ,"May 20, 2021",359,394
Ray Aquaculture Media for Pearl and Biofloc Fishery,"January 20, 2020",500,515
পাবনা বায়োফ্লক ফিশ ফার্মিং,"September 27, 2020",96,99
রূপালী বায়োফ্লক ফিশ ফার্মিং,"October 31, 2020",66,65
বায়োফ্লক ফিশ ফারমিং,"August 31, 2020",21,21
মায়ের দোয়া বায়োফ্লক ফিশ ফার্ম,"May 21, 2020","2,150","2,223"
টাঙ্গন বায়োফ্লক ফিস ফার্মিং,"April 6, 2020","10,112","10,146"
রংপুর বায়োফ্লক ফার্ম,"August 25, 2020","2,137","2,274"
বিসমিল্লাহ বায়োফ্লক ফিশ ফার্মিং,"October 18, 2020",168,170
কাজী বায়োফ্লক ফিস ফার্মিং যশোর,"April 20, 2020",625,657
প্রমিস এগ্রো  এন্ড বায়োফ্লক ফিশ ফার্ম,"October 20, 2020",298,299
পলাশবাড়ী বায়োফ্লোক ফিশ ফার্ম,"August 8, 2020",331,339
Biofloc Fish Academy / বায়োফ্লক ফিশ একাডেমি,"February 7, 2020",876,931
খান বায়োফ্লক ফিশ ফার্ম,"June 6, 2020",85,85
বায়োফ্লক ফিশ ফার্ম চাঁদপুর,"July 30, 2020",121,122
বায়োফ্লক ফিশ ফার্মিং - মধুপুর / টাঙ্গাইল,"July 17, 2020",6,6
বায়োফ্লক পদ্ধতিতে মাছের চাষ,"June 8, 2020","1,266","1,347"
"এস,এস,এন,বায়োফ্লক ফিশ ফার্ম রাজশাহি","December 3, 2019",145,146
সরকার বায়োফ্লক ফিশ ফ্রামিং,"September 4, 2020",572,591
রূপালী বায়োফ্লক ফিস ফার্মিং,"November 2, 2020",136,136
"জননী এগ্রো ফার্ম, বায়োফ্লক ফিস ফার্মিং, বিজয়নগর","October 20, 2020",58,59
গফরগাওঁ বায়োফ্লক এ্যাগ্রো ফার্ম,"May 22, 2018",420,432
অর্জন বায়োফ্লক ফিশ ফার্ম,"May 14, 2020",82,82
আর.জে বায়োফ্লক & এগ্রো ফার্ম লিমিটেড,"June 26, 2020",94,94
বায়োফ্লক ফিস ফার্মিং,"August 31, 2020",77,79
সোনাইমুড়ী বায়োফ্লক ফিস ফার্ম এন্ড হ্যাচারী,"May 11, 2020",164,170
ফাহাদ মুনতাসির বায়োফ্লক ফিস ফার্মি,"September 13, 2020",446,453
রাঙ্গামাটি বায়োফ্লক ফিস ফার্ম,"September 14, 2019",115,119
"বায়োফ্লক অনলাইন ফিশ মার্কেট, দাগনভূঞা","November 26, 2020",37,38
বায়োফ্লক ফিস ফার্মিং সিলেট তথ্য,"September 29, 2020",52,52
"ফালাক বায়োফ্লক ফিশিং এন্ড ফার্মিং সিস্টেম, সিলেট","December 15, 2020",15,15
চাঁপাই বায়োফ্লক ফিস ফার্ম,"November 9, 2019",14,14
ফরাজী বায়োফ্লক ফিস ফার্ম,"September 8, 2020",42,41
ভাই ভাই বায়োফ্লক ফিস ফার্ম,"December 10, 2020",41,41
স্বপ্ন বায়োফ্লক ফিস ফার্ম ফার্ম রংপুর,"January 12, 2021",6,6
বায়োফ্লোক ফিস ফার্মিং,"May 28, 2020",7,7
পদ্মা হ্যাচারী এন্ড বায়োফ্লক ফার্ম,"May 8, 2020",18,18
সাদমান বায়োফ্লক ফিস ফার্ম,"November 2, 2020",44,44
আইডিয়াল বায়োফ্লক ফিশ ফার্ম -সখিপুর-শরীয়তপুর,"April 25, 2021",88,89
Biofloc,"November 5, 2018","3,279","3,456"
Biofloc Fish Farming BD,"October 9, 2019","6,606","8,906"
Biofloc Product BD,"January 25, 2020","16,468","16,790"
Biofloc Bangladesh,"November 11, 2019","29,036","30,813"
Dhaka Biofloc,"October 11, 2020",528,557
বায়োফ্লক মাছ চাষ তথ্য ও পরামর্শ,"November 8, 2019","60,494","64,208"
Biofloc accessories,"September 2, 2020",403,413
Biofloc Express,"July 13, 2020","4,517","5,023"
Biofloc Shop BD,"September 4, 2020",998,"1,045"
Biofloc,"June 23, 2020","1,255","1,344"
Biofloc Products by ChotoChele,"December 15, 2019",904,961
Biofloc Farming System,"August 11, 2019","3,461","4,227"
Biofloc Fish Farming,"January 20, 2020","1,957","2,125"
Biofloc Fish Farm & Accessories Dhaka,"March 4, 2021",226,235
TP-Incubator & biofloc Zone,"June 17, 2016","16,400","16,654"
Evergreen Biofloc Consultancy,"April 9, 2019","7,569","7,929"
Biofloc BD Shop,"December 25, 2019","3,057","3,170"
Biofloc Bangladesh,"October 26, 2019",802,850
Biofloc,"March 7, 2020",627,636
Biofloc Fish Farming and Information Center,"May 3, 2020",504,524
Aqueous Biofloc Consultancy Bangladesh,"October 31, 2019","2,111","2,307"
Biofloc Bazar BD,"September 12, 2020",515,529
Biofloc katabon,"July 11, 2020","1,455","1,467"
"Biofloc Fish Farming, Dhaka","November 25, 2019",891,921
Blue Ocean Biofloc,"December 11, 2019","2,107","2,404"
Biofloc Accessories Bangladesh,"October 29, 2019","2,188","2,371"
Biofloc Aquaculture Products Bangladesh,"April 4, 2020",64,68
Biofloc Association of Bangladesh,"March 17, 2020",588,655
RBL Biofloc R&D,"October 23, 2019","1,321","1,371"
Biofloc Fish bd,"August 15, 2020",306,322
Biofloc Center,"October 23, 2020","1,433","1,450"
Biofloc tank& others,"September 30, 2020",390,402
Kisanflex Biofloc Fish Tank,"September 21, 2019","2,884","2,957"
Biofloc / বায়োফ্লক প্রযুক্তি Online Shop,"August 21, 2020",579,664
Biotech Biofloc Project,"February 21, 2020","1,227","1,280"
Biofloc - বাংলাদেশ,"September 26, 2019","3,122","3,218"
Biofloc GuideLine BD,"August 30, 2020","11,153","11,254"
Rajibul's Biofloc Fish Farming,"November 20, 2017","5,637","5,994"
Critical Biofloc Fishfarm Technology,"September 4, 2019","2,134","2,231"
Authentic Biofloc,"July 15, 2018","9,769","9,851"
Biofloc Fish Garden,"January 20, 2014","3,224","3,249"
High Tech Biofloc & Consultancy,"September 4, 2020","1,627","1,727"
Biofloc Guru,"November 25, 2020","5,706","5,721"
Biofloc fish bangladesh,"October 19, 2020",382,402
"Biofloc fish farming,Aquaphonic , hydroponic Bangladesh","February 5, 2019","2,541","2,667"
Biofloc Shop - বায়োফ্লক শপ,"October 27, 2019","1,182","1,192"
Bondhur Sriti Biofloc Fish Farm,"December 11, 2020",180,182
Biofloc fisheries,"December 18, 2019",837,861
Tanvir's Biofloc Product & Support Center,"November 8, 2020",326,339
Biofloc Research & Help.,"January 20, 2020",502,522
বায়োফ্লক ফিশারিজ -  Biofloc Fisherie,"February 9, 2020","3,020","3,130"
Biofloc Machinery & Technology ltd.,"July 25, 2020",66,68
Biofloc Fish Farming,"November 29, 2019","6,045","7,176"
Biofloc Machinery - বায়োফ্লক যন্ত্রপাতি,"November 29, 2019","3,533","3,658"
Biofloc Bangladesh,"September 8, 2019","1,926","1,980"
Biofloc Fish farming BD,"January 27, 2020","15,351","15,585"
Biofloc Tank,"November 23, 2020","4,868","4,887"
Biofloc And RAS Aquaculture  Bangladesh,"October 14, 2019","3,245","3,296"
Biofloc Yoram Fishfarm,"January 10, 2020","5,437","5,584"
Maa Biofloc Fish Farm,"October 22, 2020",322,325
Sonali Biofloc Fish Farm,"May 15, 2021",90,90
Biofloc Farmer,"January 9, 2019","10,585","10,623"
Bangladesh biofloc fish association,"November 30, 2020",243,248
Biofloc Product Bd,"January 20, 2020","1,668","1,720"
Biofloc Culture Dhaka,"March 15, 2020","2,013","2,095"
Biofloc,"February 9, 2020",808,857
Biofloc Express Bangladesh,"January 5, 2020","1,987","2,060"
M3R Agro & Biofloc Farm,"June 25, 2020","2,056","2,057"
Biofloc fish farming-বায়োফ্লক পদ্ধতিতে মাছ চাষ,"September 25, 2019","2,434","2,545"
Biofloc Aquaculture Fish Farming,"March 3, 2021",108,109
Tripura Biofloc Fish farming,"May 26, 2020","1,018","1,115"
Biofloc Aqua,"January 11, 2020",51,51
AR Fish Hatchery & Biofloc,"August 18, 2020",312,317
Bangladesh Biofloc Training Center,"November 1, 2020",511,525
Biofloc,"February 7, 2021",110,111
Biofloc Institute,"November 12, 2019",241,242
Biofloc Student bd,"December 20, 2019","2,074","2,129"
Fishzone Biofloc Farm,"December 15, 2019","1,903","2,014"
BioFloc TANK,"December 10, 2019","1,358","1,441"
Biofloc Manipur,"January 28, 2021","1,069","1,085"
Biofloc BD বায়োফ্লক বিডি,"February 17, 2020","2,733","2,877"
Biofloc Trainer dhaka,"February 23, 2020",7,7
Biofloc Products & Accessories,"July 6, 2020",12,12
Biofloc Technology Bangladesh,"November 19, 2019","2,224","2,326"
Biofloc Fish Farming  বায়োফ্লক মাছ চাষ,"September 12, 2019","2,506","2,649"
Advanced Biofloc method //// আধুনিক বায়োফ্লক চাষ পদ্ধতি,"September 4, 2019","2,248","2,300"
Biofloc Bazar Bangladesh,"October 9, 2019",404,409
Sonar Bangla Biofloc,"September 24, 2019",75,75
Biofloc product,"October 18, 2020",61,62
News Biofloc BD,"March 23, 2019",517,529
AQUA Life S   Probiotic /Aquculture/Biofloc,"December 30, 2019",110,110
Biofloc,"November 1, 2020",523,572
Multan Biofloc,"November 29, 2020",509,529
Biofloc Fish Farm Munshiganj,"June 24, 2020",97,101
Biofloc / বায়োফ্লক প্রযুক্তি Online Shop,"August 21, 2020",578,663
Biofloc fish bangladesh,"October 19, 2020",379,399
বায়োফ্লক প্রশিক্ষণ বাংলাদেশ,"October 10, 2020",538,575
Bondhu Biofloc Fish Farming,"July 20, 2020",858,903
Bondhur Sriti Biofloc Fish Farm,"December 11, 2020",180,182
Biofloc,"March 7, 2020",627,636
Authentic Biofloc,"July 15, 2018","9,769","9,851"
Biofloc fish farming in Bangladesh,"January 17, 2019","1,142","1,697"
Biofloc Tank,"November 23, 2020","4,869","4,888"
Bangladesh Biofloc Training Center,"November 1, 2020",511,525
Najifa biofloc fish farmer products,"December 22, 2020",151,155
Biofloc Fish farming BD,"January 27, 2020","15,353","15,587"
Biofloc Technology Bangladesh,"November 19, 2019","2,218","2,320"
Biofloc fish farming-বায়োফ্লক পদ্ধতিতে মাছ চাষ,"September 25, 2019","2,431","2,542"
YMZ Biofloc Sylhet,"December 20, 2020",268,277
Quality BioFloc Products,"September 3, 2020",681,720
Biofloc Project Narsingdi,"February 7, 2021",154,154
Biofloc BD বায়োফ্লক বিডি,"February 17, 2020","2,732","2,876"
F2 Biofloc Systems,"November 8, 2019",927,959
Biofloc and Colour Fish Farm pabna,"May 7, 2021",36,35
K.I. Fish Farm & Biofloc Technology,"August 2, 2020","1,193","1,208"
Biofloc society of Bangladesh,"June 15, 2020",158,161
Biofloc Equipments and Consultancy,"November 23, 2020",527,542
Biofloc fish farm rangpur,"January 20, 2020","2,127","2,221"
Biofloc product sell,"September 16, 2019",15,15
News Biofloc BD,"March 23, 2019",516,528
Better Life Agro & Biofloc fish farm,"September 1, 2019",173,176
বায়োফ্লোক পদ্ধতিতে মাছ চাষ,"December 2, 2018","8,084","8,418"
বায়োফ্লক ফিশারিজ -  Biofloc Fisherie,"February 9, 2020","3,018","3,128"
এ ওয়ান বায়োফ্লক ফিস গার্ডেন,"May 20, 2020","1,695","1,755"
অল্প টাকায়  বায়োফ্লক সিস্টেমে মাছ চাষ,"February 10, 2020","2,350","2,415"
উত্তরবঙ্গ বায়োফ্লক,"November 21, 2020",269,276
বায়োফ্লক পদ্ধতিতে মাছ চাষ প্রশিক্ষণ ঠাকুরগাঁও,"August 21, 2020",206,207
বায়োফ্লক_Bioflocবিজ্ঞান পদ্ধতিতে মাছ চাষ,"May 9, 2020","2,115","2,224"
বায়োফ্লক পদ্ধতিতে মাছ চাষ তথ্য,"October 16, 2019","1,508","1,579"
বায়োফ্লক মাছ চাষ,"March 4, 2020","1,285","1,452"
বায়োফ্লক চিংড়ি চাষ সাপোর্ট বাংলাদেশ,"January 30, 2020","1,751","1,880"
বায়োফ্লক ফিস র্ফাম বরিশাল।,"July 3, 2020",69,73
বায়োফ্লক পদ্ধতিতে মাছ চাষ,"October 30, 2019","1,767","1,878"
"বায়োফ্লক পদ্ধতিতে মাছ চাষ, মাছের রোগ ও প্রতিকার","March 18, 2020",172,173
"বায়োফ্লক ফিস ফার্ম, চাঁপাইনবাবগঞ্জ।","November 9, 2019","1,043","8,721"
বায়োফ্লক মাছ চাষ,"August 24, 2019","2,662","2,771"
বায়োফ্লক পদ্ধতিতে মাছ চাষ,"September 25, 2020",563,578
Biofloc Fish Farming  বায়োফ্লক মাছ চাষ,"September 12, 2019","2,506","2,649"
হাউজে বায়োফ্লক এবং বায়োফ্লক ছাড়া মাছ চাষ,"September 29, 2020",75,76
"বায়োফ্লক মাছ চাষ প্রকল্প, রাজশাহী","June 15, 2020",61,62
বায়োফ্লক পদ্ধতিতে মাছ চাষ,"April 12, 2020",519,533
"স্বপ্ন বায়োফ্লক ফিস ফার্ম, রংপুর","August 31, 2020",272,279
বায়োফ্লক পদ্ধতিতে চিংড়ি মাছ বাংলাদেশ,"October 19, 2020",400,408
বায়োফ্লক হেল্পলাইন বাংলাদেশ,"May 15, 2020",546,584
"বিশ্বাস বায়োফ্লক এ্যান্ড এগ্রো,  বরিশাল।","March 31, 2020",532,563
থ্রি এম বায়োফ্লক,"May 7, 2020",284,297
বায়োফ্লক মাছ চাষ,"March 10, 2020",531,577
কুমিল্লা বায়োফ্লক জোন,"July 12, 2020",630,690
বায়োফ্লক পদ্ধতিতে মাছ চাষ,"November 25, 2020",54,55
বায়োফ্লক মাছ চাষ এবং এ্যাকুরিয়াম,"October 2, 2020",152,152
"বায়োফ্লগ, রিগ্যান এগ্রো ফার্ম","October 5, 2020",15,15
বায়োফ্লক পদ্ধতিতে মাছ চাষ,"July 6, 2020",34,35
খাগড়াছড়িতে বায়োফ্লক প্রযুক্তিতে মাছ চাষ,"October 13, 2020",117,117
বায়োফ্লক মাছ চাষ হেল্প : Biofloc Fish Farming Help Bangladesh,"July 17, 2020",5,6
বায়োফ্লক এন্ড ফিশারীজ,"September 27, 2020",5,5
ডায়নামিক বায়োফ্লক এন্ড হ্যাচারী,"July 9, 2020",101,103
বায়োফ্লক পদ্ধতিতে বিজ্ঞান ও প্রযুক্তি ভিত্তিক মাছ চাষ।,"June 20, 2020",610,671
Bio floc Technology /বায়োফ্লকে মাছ চাষ হাতেকলমে শিক্ষা .,"September 16, 2020",11,11
Fish for Bioflock,"July 21, 2020","2,158","2,161"
Bioflock Bangladesh - বায়োফ্লোক বাংলাদেশ,"August 31, 2020",127,131
Bioflock Fish Farming,"October 10, 2019","1,898","2,111"
SM Square Bioflock Fish Farm,"April 26, 2020","1,197","1,199"
Biofloc Express,"July 13, 2020","4,516","5,022"
Biofloc Farming System,"August 11, 2019","3,461","4,227"
Fish Farming aquaculture bioflock technology,"September 19, 2019","4,052","4,264"
Bioflock  কলগাছিয়া,"July 9, 2020",240,250
Bioflock Aid Kernel,"August 21, 2020",83,91
Biofloc,"November 5, 2018","3,277","3,454"
Biofloc tank& others,"September 30, 2020",387,399
Biofloc Fish Farming,"January 20, 2020","1,952","2,120"
Bioflock Fish Farming BD,"May 30, 2020",656,690
Bioflock solution_বায়োফ্লক,"March 15, 2020",510,570
Thakurgaon Bioflock Society,"July 21, 2020",502,523
Bioflock products,"March 12, 2020",504,529
Silchar Bioflock,"November 21, 2020",413,429
Biofloc Products by ChotoChele,"December 15, 2019",904,961
Biotech Biofloc Project,"February 21, 2020","1,227","1,280"
Bioflock training center,"September 2, 2020",538,570
Bioflock fish farming group,"February 6, 2020",571,586
Ashraful Aqua Bioflock Fish,"November 21, 2020",542,552
3'Brothes Bioflock Fishing Farm,"July 18, 2020",128,131
Bangladesh  Bioflock Association,"October 22, 2020",188,190
High Tech Biofloc & Consultancy,"September 4, 2020","1,626","1,726"
Rohan Bioflock & Fish Farming,"January 26, 2021",53,53
Bioflock All In one Aqua,"March 14, 2017",245,249
RMS bioflock fish  farming munshigunj,"August 27, 2020",26,28
Biofloc fish farming,"July 12, 2020",571,580
Bioflock Engineering Care-Chittagong,"April 27, 2019",525,528
Bangladesh bioflock,"November 7, 2020",17,17
AR Fish Hatchery & Biofloc,"August 18, 2020",312,317
"Bioflock Fish Firm, Tongibari, Munshiganj","July 26, 2020",8,9
Bioflock fish farming shyamnagar,"April 14, 2021",8,8
Bioflock Engineering care,"July 14, 2020",15,15
JS Bioflock Narsingdi,"July 27, 2020",43,44
Biofloc Manipur,"January 28, 2021","1,067","1,083"
Sonali Biofloc Fish Farm,"May 15, 2021",90,90
Bioflock,"August 15, 2020",6,6
Faridupr Bioflock In Bangladesh,"March 17, 2020",17,17
Acharjee Bioflock & Fish Farming,"April 14, 2021",2,2
Biofloc Aquaculture Bangladesh   প্রযুক্তি নির্ভর উচ্চ ঘনত্বে মাছ চাষ,"September 11, 2019","1,519","1,578"
Biofloc Bangladesh,"May 24, 2020",811,863
JMS Biofloc  Fish farming method,"June 26, 2020",521,554
Biofloc BD Shop,"December 25, 2019","3,057","3,170"
Biofloc Shop - বায়োফ্লক শপ,"October 27, 2019","1,182","1,192"
SR Biofloc Fish Farm,"January 20, 2021",42,42
Biofloc AMBLE AGRO,"January 30, 2021",20,21
Arshi Biofloc Project,"December 16, 2015",203,205
Shikder Biofloc Fishery,"October 11, 2020",7,7
Golaghat Biofloc Aquaculture Farm.,"June 2, 2020",594,601
Biofloc Bangladesh,"September 4, 2020",325,339
Jhenaidah Biofloc,"March 19, 2021",103,103
Biofloc Fish Farming In Hindi,"August 4, 2020",537,566
Fish Farming Aquaculture Biofloc Technology,"November 18, 2020",511,526
"সূহা এগ্রো ফিসল্যান্ড ""Biofloc Technology In Bangladesh""","April 8, 2019",990,"1,019"
Biofloc fish farming Training,"December 24, 2019",518,533
"Online Biofloc Fish Market,Barishal","May 21, 2021",16,16
Biofloc Fish Farming in Bangladesh,"March 17, 2020",405,411
Biofloc Fish farming shop in bangladesh,"October 1, 2019","2,064","2,116"
"Biofloc fish farming,Aquaphonic , hydroponic Bangladesh","February 5, 2019","2,541","2,667"
KS Biofloc Fish Farming,"January 20, 2020","3,131","3,274"
Biofloc Fish Garden,"January 20, 2014","3,224","3,249"
Friend's Fish Farm - Biofloc,"May 14, 2020",188,194
Biofloc Farmer,"January 9, 2019","10,588","10,626"
Fishzone Biofloc Farm,"December 15, 2019","1,893","2,003"
Magura Biofloc,"May 29, 2020",16,17
Triangle Biofloc Fish Culture & agro,"January 5, 2020",77,81
Jk Biofloc Fish Farming In Bangladesh,"September 29, 2020",2,2
M3R Agro & Biofloc Farm,"June 25, 2020","2,057","2,058"
Biofloc Fish Farming,"January 7, 2020","2,662","2,760"
Biofloc Fish Farming Geomembrane Tank Supplier in Bangladesh,"February 5, 2020",117,122
Biofloc BD Shop,"December 25, 2019","3,057","3,170"
মীর বায়োফ্লক ফিশ একাডেমি,"August 1, 2020",219,224
