Page Name,Creation Year,Creation Date,Like Count,Follow Count
বায়োফ্লক মাছ চাষ তথ্য ও পরামর্শ,2019,8-Nov-19,60494,64208
Biofloc Bangladesh,2019,11-Nov-19,29041,30819
Biofloc Product BD,2020,25-Jan-20,16500,16822
TP-Incubator & biofloc Zone,2016,17-Jun-16,16402,16656
Biofloc Fish farming BD,2020,27-Jan-20,15353,15587
Biofloc GuideLine BD,2020,30-Aug-20,11167,11268
Biofloc Farmer,2019,9-Jan-19,10588,10626
টাঙ্গন বায়োফ্লক ফিস ফার্মিং,2020,6-Apr-20,10112,10146
Authentic Biofloc,2018,15-Jul-18,9769,9851
Biofloc Fish Farming BD,2019,9-Oct-19,6606,8906
"বায়োফ্লক ফিস ফার্ম, চাঁপাইনবাবগঞ্জ।",2019,9-Nov-19,1043,8721
বায়োফ্লোক পদ্ধতিতে মাছ চাষ,2018,2-Dec-18,8084,8418
Evergreen Biofloc Consultancy,2019,9-Apr-19,7569,7929
Biofloc Fish Farming,2019,29-Nov-19,6045,7176
Rajibul's Biofloc Fish Farming,2017,20-Nov-17,5637,5994
Biofloc Guru,2020,25-Nov-20,5706,5721
Biofloc Yoram Fishfarm,2020,10-Jan-20,5437,5584
Biofloc Express,2020,13-Jul-20,4517,5023
Biofloc Tank,2020,23-Nov-20,4869,4888
Fish Farming aquaculture bioflock technology,2019,19-Sep-19,4052,4264
Biofloc Farming System,2019,11-Aug-19,3461,4227
"AR,Biofloc fish farm",2020,1-Mar-20,3452,3736
Biofloc Technology Smart Fish Farm,2017,10-Jan-17,3655,3729
Biofloc Machinery - বায়োফ্লক যন্ত্রপাতি,2019,29-Nov-19,3533,3658
Biofloc,2018,5-Nov-18,3279,3456
Biofloc And RAS Aquaculture  Bangladesh,2019,14-Oct-19,3246,3297
KS Biofloc Fish Farming,2020,20-Jan-20,3131,3274
Biofloc Fish Garden,2014,20-Jan-14,3224,3249
Biofloc - বাংলাদেশ,2019,26-Sep-19,3122,3218
Biofloc BD Shop,2019,25-Dec-19,3057,3170
বায়োফ্লক ফিশারিজ -  Biofloc Fisherie,2020,9-Feb-20,3020,3130
Biofloc fish farm India,2019,14-Oct-19,2902,3027
Kisanflex Biofloc Fish Tank,2019,21-Sep-19,2884,2957
Biofloc BD বায়োফ্লক বিডি,2020,17-Feb-20,2733,2877
বায়োফ্লক মাছ চাষ,2019,24-Aug-19,2662,2771
"Biofloc fish farming,Aquaphonic , hydroponic Bangladesh",2019,5-Feb-19,2541,2667
Biofloc Fish Farming  বায়োফ্লক মাছ চাষ,2019,12-Sep-19,2506,2649
Biofloc fish farming process,2019,19-Dec-19,2542,2640
Biofloc fish farming-বায়োফ্লক পদ্ধতিতে মাছ চাষ,2019,25-Sep-19,2434,2545
অল্প টাকায়  বায়োফ্লক সিস্টেমে মাছ চাষ,2020,10-Feb-20,2350,2415
Blue Ocean Biofloc,2019,11-Dec-19,2107,2404
বেনাপোল বায়োফ্লক ফিস ফার্ম,2020,2-Feb-20,2394,2398
Biofloc Accessories Bangladesh,2019,29-Oct-19,2188,2371
Biofloc Technology Bangladesh,2019,19-Nov-19,2224,2326
Aqueous Biofloc Consultancy Bangladesh,2019,31-Oct-19,2111,2307
Advanced Biofloc method //// আধুনিক বায়োফ্লক চাষ পদ্ধতি,2019,4-Sep-19,2248,2300
রংপুর বায়োফ্লক ফার্ম,2020,25-Aug-20,2137,2274
Critical Biofloc Fishfarm Technology,2019,4-Sep-19,2134,2231
বায়োফ্লক_Bioflocবিজ্ঞান পদ্ধতিতে মাছ চাষ,2020,9-May-20,2115,2224
মায়ের দোয়া বায়োফ্লক ফিশ ফার্ম,2020,21-May-20,2150,2223
Biofloc fish farm rangpur,2020,20-Jan-20,2127,2221
Fish for Bioflock,2020,21-Jul-20,2158,2161
Biofloc Student bd,2019,20-Dec-19,2074,2129
Biofloc Fish farming shop in bangladesh,2019,1-Oct-19,2064,2116
Bioflock Fish Farming,2019,10-Oct-19,1898,2111
Biofloc Fish Farm Maharashtra,2019,23-Oct-19,2027,2103
Biofloc Culture Dhaka,2020,15-Mar-20,2014,2096
Biofloc Express Bangladesh,2020,5-Jan-20,1988,2061
M3R Agro & Biofloc Farm,2020,25-Jun-20,2058,2059
Fishzone Biofloc Farm,2019,15-Dec-19,1903,2014
বায়োফ্লক চিংড়ি চাষ সাপোর্ট বাংলাদেশ,2020,30-Jan-20,1751,1880
বায়োফ্লক পদ্ধতিতে মাছ চাষ,2019,30-Oct-19,1767,1878
Biofloc Community Bangladesh,2020,26-Jan-20,1796,1857
এ ওয়ান বায়োফ্লক ফিস গার্ডেন,2020,20-May-20,1695,1755
High Tech Biofloc & Consultancy,2020,4-Sep-20,1627,1727
Biofloc Product Bd,2020,20-Jan-20,1669,1721
Biofloc fish farming in Bangladesh,2019,17-Jan-19,1142,1697
বায়োফ্লক পদ্ধতিতে মাছ চাষ তথ্য,2019,16-Oct-19,1508,1579
Biofloc Aquaculture Bangladesh   প্রযুক্তি নির্ভর উচ্চ ঘনত্বে মাছ চাষ,2019,11-Sep-19,1519,1578
Smart Biofloc Fish Farm,2020,18-Feb-20,1492,1566
Arian Biofloc Fish Farm,2019,22-Sep-19,1482,1563
Biofloc katabon,2020,11-Jul-20,1455,1467
Biofloc Center,2020,23-Oct-20,1433,1450
BioFloc TANK,2019,10-Dec-19,1358,1441
RBL Biofloc R&D,2019,23-Oct-19,1321,1371
বায়োফ্লক পদ্ধতিতে মাছের চাষ,2020,8-Jun-20,1266,1347
Biotech Biofloc Project,2020,21-Feb-20,1227,1280
K.I. Fish Farm & Biofloc Technology,2020,2-Aug-20,1193,1208
SM Square Bioflock Fish Farm,2020,26-Apr-20,1197,1199
Biofloc Shop - বায়োফ্লক শপ,2019,27-Oct-19,1182,1192
Tripura Biofloc Fish farming,2020,26-May-20,1018,1115
Biofloc Manipur,2021,28-Jan-21,1069,1085
Biofloc Shop BD,2020,4-Sep-20,998,1045
Dagar Biofloc Fish Farm,2021,18-Mar-21,1019,1020
"সূহা এগ্রো ফিসল্যান্ড ""Biofloc Technology In Bangladesh""",2019,8-Apr-19,990,1019
Biofloc fishing & cool fish hunting,2019,6-Sep-19,909,974
Biofloc Products by ChotoChele,2019,15-Dec-19,904,961
F2 Biofloc Systems,2019,8-Nov-19,927,959
Biofloc Fish Academy / বায়োফ্লক ফিশ একাডেমি,2020,7-Feb-20,876,931
"Biofloc Fish Farming, Dhaka",2019,25-Nov-19,891,921
Bondhu Biofloc Fish Farming,2020,20-Jul-20,858,903
Biofloc fisheries,2019,18-Dec-19,837,861
বায়োফ্লক সাহায্য কেন্দ্র মাদারীপুর,2020,9-Feb-20,730,776
Quality BioFloc Products,2020,3-Sep-20,681,720
কুমিল্লা বায়োফ্লক জোন,2020,12-Jul-20,630,690
Bioflock Fish Farming BD,2020,30-May-20,656,690
বায়োফ্লক পদ্ধতিতে বিজ্ঞান ও প্রযুক্তি ভিত্তিক মাছ চাষ।,2020,20-Jun-20,610,671
Biofloc / বায়োফ্লক প্রযুক্তি Online Shop,2020,21-Aug-20,579,664
কাজী বায়োফ্লক ফিস ফার্মিং যশোর,2020,20-Apr-20,625,657
Biofloc Association of Bangladesh,2020,17-Mar-20,588,655
Biofloc training বর্ধমান,2019,1-Sep-19,646,651
Biofloc Fish Farm বা ড্রাম এ মাছ চাষ,2020,1-Jan-20,616,638
Dhaka biofloc blue fish aquarium,2020,29-Jun-20,578,604
Golaghat Biofloc Aquaculture Farm.,2020,2-Jun-20,594,601
সরকার বায়োফ্লক ফিশ ফ্রামিং,2020,4-Sep-20,572,591
Bioflock fish farming group,2020,6-Feb-20,571,586
বায়োফ্লক হেল্পলাইন বাংলাদেশ,2020,15-May-20,546,584
The Biofloc Technology,2020,20-Aug-20,566,584
Biofloc fish farming,2020,12-Jul-20,571,580
বায়োফ্লক প্রশিক্ষণ বাংলাদেশ,2020,10-Oct-20,538,575
Bioflock training center,2020,2-Sep-20,538,570
Bioflock solution_বায়োফ্লক,2020,15-Mar-20,510,570
Biofloc Fish Farming In Hindi,2020,4-Aug-20,537,566
"বিশ্বাস বায়োফ্লক এ্যান্ড এগ্রো,  বরিশাল।",2020,31-Mar-20,532,563
Dhaka Biofloc,2020,11-Oct-20,528,557
JMS Biofloc  Fish farming method,2020,26-Jun-20,521,554
Ashraful Aqua Bioflock Fish,2020,21-Nov-20,542,552
Biofloc Fish Farm,2020,5-Feb-20,520,550
Friend's Agro farm And Biofloc,2020,18-Nov-20,530,545
Chittagong biofloc,2020,5-May-20,511,543
Biofloc Equipments and Consultancy,2020,23-Nov-20,527,542
BioFloc Fish Nation,2020,7-Apr-20,509,538
ভাই ভাই বায়োফ্লক ফিস ফার্ম।,2020,30-Mar-20,502,533
Biofloc fish farming Training,2019,24-Dec-19,518,533
বায়োফ্লক মৎস্য চাষ,2020,10-Sep-20,521,532
Multan Biofloc,2020,29-Nov-20,509,529
News Biofloc BD,2019,23-Mar-19,517,529
Bioflock products,2020,12-Mar-20,504,529
Biofloc Bazar BD,2020,12-Sep-20,515,529
Bioflock Engineering Care-Chittagong,2019,27-Apr-19,525,528
Fish Farming Aquaculture Biofloc Technology,2020,18-Nov-20,511,526
Bangladesh Biofloc Training Center,2020,1-Nov-20,511,525
বায়োফ্লক প্রযুক্তিতে মৎস্য চাষ প্রশিক্ষণ,2020,29-Jun-20,507,525
Biofloc Fish Farming and Information Center,2020,3-May-20,504,524
Thakurgaon Bioflock Society,2020,21-Jul-20,502,523
Biofloc Research & Help.,2020,20-Jan-20,502,522
বায়োফ্লক মৎস্য চাষ - Bioflock Fish Culture,2019,25-Nov-19,505,519
Palong Biofloc fish farm,2019,13-Aug-19,502,518
Sylhet Biofloc & Fisheries,2020,25-Sep-20,505,518
Ray Aquaculture Media for Pearl and Biofloc Fishery,2020,20-Jan-20,500,515
Biofloc Advance technology Bangladesh,2019,30-Nov-19,508,509
Khan Biofloc Fish Farm,2020,5-Jul-20,496,504
AR Biofloc Fish Farm,2019,24-Aug-19,470,497
ফাহাদ মুনতাসির বায়োফ্লক ফিস ফার্মি,2020,13-Sep-20,446,453
Fish Aquarium Biofloc all product Katabon সুলভ মূল্যয়ে পন্য বিক্রেতা।,2020,31-Jul-20,439,447
গফরগাওঁ বায়োফ্লক এ্যাগ্রো ফার্ম,2018,22-May-18,420,432
Silchar Bioflock,2020,21-Nov-20,413,429
Biofloc accessories,2020,2-Sep-20,403,413
Biofloc Fish Farming in Bangladesh,2020,17-Mar-20,405,411
Biofloc Bazar Bangladesh,2019,9-Oct-19,404,409
বায়োফ্লক পদ্ধতিতে চিংড়ি মাছ বাংলাদেশ,2020,19-Oct-20,400,408
Biofloc Express Store,2020,26-Oct-20,382,403
Biofloc fish bangladesh,2020,19-Oct-20,382,402
Biofloc tank& others,2020,30-Sep-20,390,402
IQ Aquaculture - বায়োফ্লক মাছ,2021,20-May-21,359,394
বায়োফ্লক পদ্ধতি-তে মাছ চাষ প্রশিক্ষণ,2020,26-Jun-20,360,381
Biofloc Aquaculture Bangladesh,2019,16-Sep-19,349,355
পলাশবাড়ী বায়োফ্লোক ফিশ ফার্ম,2020,8-Aug-20,331,339
Tanvir's Biofloc Product & Support Center,2020,8-Nov-20,326,339
AZ Biofloc Fish Farm,2020,22-Sep-20,336,337
LY Biofloc Bd Gazipur,2019,28-Sep-19,210,327
Maa Biofloc Fish Farm,2020,22-Oct-20,322,325
Biofloc Fish bd,2020,15-Aug-20,306,322
AR Fish Hatchery & Biofloc,2020,18-Aug-20,312,317
প্রমিস এগ্রো  এন্ড বায়োফ্লক ফিশ ফার্ম,2020,20-Oct-20,298,299
থ্রি এম বায়োফ্লক,2020,7-May-20,284,297
Osmania biofloc fish farm,2020,13-Sep-20,286,295
Bd Biofloc Help Center,2016,11-Nov-16,262,291
"স্বপ্ন বায়োফ্লক ফিস ফার্ম, রংপুর",2020,31-Aug-20,272,279
YMZ Biofloc Sylhet,2020,20-Dec-20,268,277
উত্তরবঙ্গ বায়োফ্লক,2020,21-Nov-20,269,276
Bioflock  কলগাছিয়া,2020,9-Jul-20,240,250
Bioflock All In one Aqua,2017,14-Mar-17,245,249
Bangladesh biofloc fish association,2020,30-Nov-20,243,248
Biofloc Institute,2019,12-Nov-19,241,242
Biofloc Fish Farm & Accessories Dhaka,2021,4-Mar-21,226,235
Nishad Biofloc Fish farm,2020,15-Oct-20,229,235
মীর বায়োফ্লক ফিশ একাডেমি,2020,1-Aug-20,219,224
Biofloc & equipment,2020,3-Mar-20,205,211
বায়োফ্লক পদ্ধতিতে মাছ চাষ প্রশিক্ষণ ঠাকুরগাঁও,2020,21-Aug-20,206,207
Arshi Biofloc Project,2015,16-Dec-15,203,205
D M P Biofloc Fish Farming  ডি এম পি বায়োফ্লোক ফিস ফার্মিং,2019,11-Nov-19,178,202
Friend's Fish Farm - Biofloc,2020,14-May-20,188,194
Biofloc FishFactory Ltd.,2020,21-Nov-20,193,194
Bangladesh  Bioflock Association,2020,22-Oct-20,188,190
M&P Biofloc Fish Farm মতলব,2020,30-Dec-20,187,187
Bondhur Sriti Biofloc Fish Farm,2020,11-Dec-20,180,182
Better Life Agro & Biofloc fish farm,2019,1-Sep-19,173,176
"বায়োফ্লক পদ্ধতিতে মাছ চাষ, মাছের রোগ ও প্রতিকার",2020,18-Mar-20,172,173
বিসমিল্লাহ বায়োফ্লক ফিশ ফার্মিং,2020,18-Oct-20,168,170
সোনাইমুড়ী বায়োফ্লক ফিস ফার্ম এন্ড হ্যাচারী,2020,11-May-20,164,170
Biofloc society of Bangladesh,2020,15-Jun-20,158,161
Friends Biofloc Fish Farm,2020,3-Sep-20,160,161
Biofloc Fish Farming System,2020,7-Oct-20,155,155
Najifa biofloc fish farmer products,2020,22-Dec-20,151,155
Biofloc Project Narsingdi,2021,7-Feb-21,154,154
বায়োফ্লক মাছ চাষ এবং এ্যাকুরিয়াম,2020,2-Oct-20,152,152
"এস,এস,এন,বায়োফ্লক ফিশ ফার্ম রাজশাহি",2019,3-Dec-19,145,146
রূপালী বায়োফ্লক ফিস ফার্মিং,2020,2-Nov-20,136,136
Bioflock Bangladesh - বায়োফ্লোক বাংলাদেশ,2020,31-Aug-20,127,131
3'Brothes Bioflock Fishing Farm,2020,18-Jul-20,128,131
বায়োফ্লক ফিশ ফার্ম চাঁদপুর,2020,30-Jul-20,121,122
Biofloc Fish Farming Geomembrane Tank Supplier in Bangladesh,2020,5-Feb-20,117,122
Dinajpur Biofloc Fish Farming,2020,6-Oct-20,117,122
Biofloc বাংলাদেশ,2020,15-May-20,113,119
রাঙ্গামাটি বায়োফ্লক ফিস ফার্ম,2019,14-Sep-19,115,119
খাগড়াছড়িতে বায়োফ্লক প্রযুক্তিতে মাছ চাষ,2020,13-Oct-20,117,117
আমিশাপাড়া বায়োফ্লক ফার্মিং হাউজ নোয়াখালী,2020,24-Jul-20,105,110
AQUA Life S   Probiotic /Aquculture/Biofloc,2019,30-Dec-19,110,110
Biofloc Aquaculture Fish Farming,2021,3-Mar-21,108,109
Khan Biofloc Fish Agro Project Bangladesh,2020,30-Sep-20,104,106
Chowdhury Biofloc Fish Farm,2020,29-Aug-20,104,106
ডায়নামিক বায়োফ্লক এন্ড হ্যাচারী,2020,9-Jul-20,101,103
Jhenaidah Biofloc,2021,19-Mar-21,103,103
Biofloc Fish Farm Munshiganj,2020,24-Jun-20,97,101
বায়োফ্লক সলিউশন,2020,8-Sep-20,96,100
পাবনা বায়োফ্লক ফিশ ফার্মিং,2020,27-Sep-20,96,99
আর.জে বায়োফ্লক & এগ্রো ফার্ম লিমিটেড,2020,26-Jun-20,94,94
Bioflock Aid Kernel,2020,21-Aug-20,83,91
Sonali Biofloc Fish Farm,2021,15-May-21,90,90
আইডিয়াল বায়োফ্লক ফিশ ফার্ম -সখিপুর-শরীয়তপুর,2021,25-Apr-21,88,89
খান বায়োফ্লক ফিশ ফার্ম,2020,6-Jun-20,85,85
অর্জন বায়োফ্লক ফিশ ফার্ম,2020,14-May-20,82,82
Triangle Biofloc Fish Culture & agro,2020,5-Jan-20,77,81
বায়োফ্লক ফিস ফার্মিং,2020,31-Aug-20,77,79
হাউজে বায়োফ্লক এবং বায়োফ্লক ছাড়া মাছ চাষ,2020,29-Sep-20,75,76
Biofloc fish tank,2021,7-Feb-21,76,76
Sonar Bangla Biofloc,2019,24-Sep-19,75,75
Ashulia Biofloc- A Scientific Aqua Culture System in Bangladesh,2020,20-Aug-20,72,73
বায়োফ্লক ফিস র্ফাম বরিশাল।,2020,3-Jul-20,69,73
RSL High Tech Biofloc Fisheries And Hatchery,2021,29-Apr-21,68,68
Biofloc Machinery & Technology ltd.,2020,25-Jul-20,66,68
Biofloc Aquaculture Products Bangladesh,2020,4-Apr-20,64,68
রূপালী বায়োফ্লক ফিশ ফার্মিং,2020,31-Oct-20,66,65
"বায়োফ্লক মাছ চাষ প্রকল্প, রাজশাহী",2020,15-Jun-20,61,62
Biofloc product,2020,18-Oct-20,61,62
"জননী এগ্রো ফার্ম, বায়োফ্লক ফিস ফার্মিং, বিজয়নগর",2020,20-Oct-20,58,59
Biofloc fish farming BTS.,2020,29-Nov-20,56,58
Rohan Bioflock & Fish Farming,2021,26-Jan-21,53,53
Biofloc Fish Farming Sadarpur,2021,22-Jan-21,52,52
বায়োফ্লক ফিস ফার্মিং সিলেট তথ্য,2020,29-Sep-20,52,52
Biofloc Aqua,2020,11-Jan-20,51,51
JS Bioflock Narsingdi,2020,27-Jul-20,43,44
সাদমান বায়োফ্লক ফিস ফার্ম,2020,2-Nov-20,44,44
SR Biofloc Fish Farm,2021,20-Jan-21,42,42
ফরাজী বায়োফ্লক ফিস ফার্ম,2020,8-Sep-20,42,41
ভাই ভাই বায়োফ্লক ফিস ফার্ম,2020,10-Dec-20,41,41
"বায়োফ্লক অনলাইন ফিশ মার্কেট, দাগনভূঞা",2020,26-Nov-20,37,38
Biofloc and Colour Fish Farm pabna,2021,7-May-21,36,35
বায়োফ্লক পদ্ধতিতে মাছ চাষের প্যারামিটার সার্ভিস লিমিটেড,2020,21-Oct-20,30,31
RMS bioflock fish  farming munshigunj,2020,27-Aug-20,26,28
রায়হান বায়োফ্লক মংস্য হ্যচারী,2020,30-Jun-20,27,27
বায়োফ্লক পদ্ধতিতে মাছ চাষের খুটি নাটি।,2019,3-Sep-19,27,27
Biofloc AMBLE AGRO,2021,30-Jan-21,20,21
বায়োফ্লক ফিশ ফারমিং,2020,31-Aug-20,21,21
পদ্মা হ্যাচারী এন্ড বায়োফ্লক ফার্ম,2020,8-May-20,18,18
Magura Biofloc,2020,29-May-20,16,17
Faridupr Bioflock In Bangladesh,2020,17-Mar-20,17,17
Bangladesh bioflock,2020,7-Nov-20,17,17
"Online Biofloc Fish Market,Barishal",2021,21-May-21,16,16
"ফালাক বায়োফ্লক ফিশিং এন্ড ফার্মিং সিস্টেম, সিলেট",2020,15-Dec-20,15,15
Biofloc product sell,2019,16-Sep-19,15,15
Bioflock Engineering care,2020,14-Jul-20,15,15
"বায়োফ্লগ, রিগ্যান এগ্রো ফার্ম",2020,5-Oct-20,15,15
চাঁপাই বায়োফ্লক ফিস ফার্ম,2019,9-Nov-19,14,14
Biofloc Products & Accessories,2020,6-Jul-20,12,12
Bio floc Technology /বায়োফ্লকে মাছ চাষ হাতেকলমে শিক্ষা .,2020,16-Sep-20,11,11
"Bioflock Fish Firm, Tongibari, Munshiganj",2020,26-Jul-20,8,9
Bioflock fish farming shyamnagar,2021,14-Apr-21,8,8
Biofloc Trainer dhaka,2020,23-Feb-20,7,7
Shikder Biofloc Fishery,2020,11-Oct-20,7,7
বায়োফ্লোক ফিস ফার্মিং,2020,28-May-20,7,7
বায়োফ্লক মাছ চাষ হেল্প : Biofloc Fish Farming Help Bangladesh,2020,17-Jul-20,5,6
স্বপ্ন বায়োফ্লক ফিস ফার্ম ফার্ম রংপুর,2021,12-Jan-21,6,6
বায়োফ্লক ফিশ ফার্মিং - মধুপুর / টাঙ্গাইল,2020,17-Jul-20,6,6
Bioflock,2020,15-Aug-20,6,6
বায়োফ্লক এন্ড ফিশারীজ,2020,27-Sep-20,5,5
Jk Biofloc Fish Farming In Bangladesh,2020,29-Sep-20,2,2
Acharjee Bioflock & Fish Farming,2021,14-Apr-21,2,2
